{
    "show": true,
    "active": false,
    "child_frame": "silver_gun",
    "parent_frame": "world",
    "transform": {
        "translation": {
            "x": 0.0,
            "y": 0.0,
            "z": 1.0
        },
        "rotation": {
            "x": 0.0,
            "y": 0.0,
            "z": 0.0,
            "w": 1.0
        }
    },
    "secondary_transforms": [
        {
            "transform": {
                "translation": {
                    "x": 0.041744116567453846,
                    "y": 0.0197220796339436,
                    "z": -0.01668417143788792
                },
                "rotation": {
                    "x": 0.041477640339994196,
                    "y": 0.8024243206837878,
                    "z": -0.02296239365498307,
                    "w": 0.5948676688177142
                }
            }
        },
        {
            "transform": {
                "translation": {
                    "x": 0.016397208233394876,
                    "y": -0.006323078906928371,
                    "z": -0.0077045426867041085
                },
                "rotation": {
                    "x": 0.05384499579668045,
                    "y": 0.9789597988128662,
                    "z": -0.014947988092899323,
                    "w": -0.1962508261203766
                }
            }
        },
        {
            "transform": {
                "translation": {
                    "x": 0.02420603728930595,
                    "y": 0.03293030730369534,
                    "z": -0.028721797414151852
                },
                "rotation": {
                    "x": 0.06697899770347346,
                    "y": 0.9774100561999438,
                    "z": 0.0,
                    "w": -0.20045794546604156
                }
            }
        }
    ],
    "visualization": {
        "mesh": "silver_gun.stl",
        "show_mesh": true,
        "interactive": false,
        "quantity": 1.0,
        "marker_scale": 0.05,
        "fixed_marker": false,
        "scale_x": 0.001,
        "scale_y": 0.001,
        "scale_z": 0.001,
        "color_a": 1.0,
        "color_r": 0.7,
        "color_g": 0.7,
        "color_b": 0.7
    }
}